created,modified,id,conceptrecid,doi,conceptdoi,doi_url,title,updated,recid,revision,files,owners,status,state,submitted,metadata.title,metadata.doi,metadata.publication_date,metadata.description,metadata.access_right,metadata.creators,metadata.related_identifiers,metadata.version,metadata.custom.code:codeRepository,metadata.resource_type.title,metadata.resource_type.type,metadata.license.id,metadata.relations.version,links.self,links.self_html,links.preview_html,links.doi,links.self_doi,links.self_doi_html,links.reserve_doi,links.parent,links.parent_html,links.parent_doi,links.parent_doi_html,links.self_iiif_manifest,links.self_iiif_sequence,links.files,links.media_files,links.archive,links.archive_media,links.latest,links.latest_html,links.versions,links.draft,links.access_links,links.access_grants,links.access_users,links.access_request,links.access,links.communities,links.communities-suggestions,links.request_deletion,links.file_modification,links.requests,swh.swhid,stats.downloads,stats.unique_downloads,stats.views,stats.unique_views,stats.version_downloads,stats.version_unique_downloads,stats.version_unique_views,stats.version_views,swh,metadata.contributors,metadata.dates,metadata.references,metadata.language,metadata.resource_type.subtype,metadata.journal.issue,metadata.journal.pages,metadata.journal.title,metadata.journal.volume,metadata.alternate_identifiers,links.thumbnails.10,links.thumbnails.50,links.thumbnails.100,links.thumbnails.250,links.thumbnails.750,links.thumbnails.1200,metadata.keywords,metadata.notes,metadata.communities
2025-12-05T05:04:21.952022+00:00,2025-12-05T05:04:22.274888+00:00,17825172,17825171,10.5281/zenodo.17825172,10.5281/zenodo.17825171,https://doi.org/10.5281/zenodo.17825172,IsmailElSayad/Mortgage-Risk-Assessment: Mortgage-Risk-Assessment,2025-12-05T05:04:22.274888+00:00,17825172,4,"[{'id': '1c9de8b1-424c-49ba-812f-0dd1c5fcba7b', 'key': 'IsmailElSayad/Mortgage-Risk-Assessment-Mortgage-Risk-Assessment.zip', 'size': 11278714, 'checksum': 'md5:ac5d41ed7fbfd5b53ce647f3f4f7976d', 'links': {'self': 'https://zenodo.org/api/records/17825172/files/IsmailElSayad/Mortgage-Risk-Assessment-Mortgage-Risk-Assessment.zip/content'}}]",[{'id': '1482742'}],published,done,True,IsmailElSayad/Mortgage-Risk-Assessment: Mortgage-Risk-Assessment,10.5281/zenodo.17825172,2025-12-05,"<p>Objective: Predict whether a mortgage loan will default based on structured input features like loan type, income, property value, and more.</p>
<p>Model Families Tested:</p>
<p>Artificial Neural Networks (ANN)
Convolutional Neural Networks (CNN)
Logistic Regression
Decision Tree
Random Forest
K-Nearest Neighbors (KNN)
XGBoost
Class Imbalance Techniques:</p>
<p>SMOTE (Synthetic Minority Oversampling Technique)
Class weighting using scikit-learn/XGBoost options
Evaluation Metrics:</p>
<p>Accuracy, Precision, Recall, F1-score
Confusion Matrix
ROC-AUC curves</p>",open,"[{'name': 'bgosal', 'affiliation': None}]","[{'identifier': 'https://github.com/IsmailElSayad/Mortgage-Risk-Assessment/tree/Mortgage-Risk-Assessment', 'relation': 'isSupplementTo', 'resource_type': 'software', 'scheme': 'url'}]",Mortgage-Risk-Assessment,https://github.com/IsmailElSayad/Mortgage-Risk-Assessment,Software,software,cc-by-4.0,"[{'index': 0, 'is_last': True, 'parent': {'pid_type': 'recid', 'pid_value': '17825171'}}]",https://zenodo.org/api/records/17825172,https://zenodo.org/records/17825172,https://zenodo.org/records/17825172?preview=1,https://doi.org/10.5281/zenodo.17825172,https://doi.org/10.5281/zenodo.17825172,https://zenodo.org/doi/10.5281/zenodo.17825172,https://zenodo.org/api/records/17825172/draft/pids/doi,https://zenodo.org/api/records/17825171,https://zenodo.org/records/17825171,https://doi.org/10.5281/zenodo.17825171,https://zenodo.org/doi/10.5281/zenodo.17825171,https://zenodo.org/api/iiif/record:17825172/manifest,https://zenodo.org/api/iiif/record:17825172/sequence/default,https://zenodo.org/api/records/17825172/files,https://zenodo.org/api/records/17825172/media-files,https://zenodo.org/api/records/17825172/files-archive,https://zenodo.org/api/records/17825172/media-files-archive,https://zenodo.org/api/records/17825172/versions/latest,https://zenodo.org/records/17825172/latest,https://zenodo.org/api/records/17825172/versions,https://zenodo.org/api/records/17825172/draft,https://zenodo.org/api/records/17825172/access/links,https://zenodo.org/api/records/17825172/access/grants,https://zenodo.org/api/records/17825172/access/users,https://zenodo.org/api/records/17825172/access/request,https://zenodo.org/api/records/17825172/access,https://zenodo.org/api/records/17825172/communities,https://zenodo.org/api/records/17825172/communities-suggestions,https://zenodo.org/api/records/17825172/request-deletion,https://zenodo.org/api/records/17825172/file-modification,https://zenodo.org/api/records/17825172/requests,swh:1:dir:741edfcd96425084271a885c7749318f7d27b980;origin=https://doi.org/10.5281/zenodo.17825171;visit=swh:1:snp:a8fc8cd30a9ba3e1e034ebc844c388caa53ba8e2;anchor=swh:1:rel:f8129394f400564790209e26930b008097aaa043;path=IsmailElSayad-Mortgage-Risk-Assessment-831d9fc,2,2,26,20,2,2,20,26,,,,,,,,,,,,,,,,,,,,
2025-09-23T06:03:59.693487+00:00,2025-09-23T06:03:59.970667+00:00,17181602,17181601,10.35940/ijitee.I1127.14100925,,https://doi.org/10.35940/ijitee.I1127.14100925,Identifying Optimal Innovative Machine Learning Models for Predicting U.S. Mortgage Loan Defaults: A Comparative Analysis,2025-09-23T06:03:59.970667+00:00,17181602,4,"[{'id': 'f991fe21-1c30-45af-91bc-d86885a8c369', 'key': 'I112714090825.pdf', 'size': 773288, 'checksum': 'md5:4298464c9008cd5957c366c209e068e3', 'links': {'self': 'https://zenodo.org/api/records/17181602/files/I112714090825.pdf/content'}}]",[{'id': '282476'}],published,done,True,Identifying Optimal Innovative Machine Learning Models for Predicting U.S. Mortgage Loan Defaults: A Comparative Analysis,10.35940/ijitee.I1127.14100925,2025-09-30,"<p><strong>Abstract:</strong> Mortgage loan defaults pose substantial risks to the financial industry, and accurately predicting these defaults remains a challenge. Traditional credit scoring models often lack accuracy and computational efficiency because they are not data-driven and fail to capture special data patterns that drive borrower default behavior. This limitation becomes especially significant in volatile housing markets, where early detection of defaults can substantially reduce credit losses compared to identifying them at a later stage. Timely and accurate prediction of mortgage loan defaults plays a vital role in formulating effective credit risk management strategies. This research implemented a framework to address this challenge by leveraging cutting-edge Artificial Intelligence / Machine Learning (AI/ML) algorithms and conducting a comparative analysis of model performance to identify the optimal model for predicting mortgage loan defaults. The proposed framework systematically trained and evaluated each model on an extensive dataset comprising over 100,000 loans, featuring a rich set of loan, borrower, and property characteristics from Freddie Mac, as well as macroeconomic factors. Model performance was evaluated using key metrics including accuracy, AUC, F1 scores, and ROC curves. The paper discovered that Extreme Gradient Boosting (XGBoost) was the top performer, offering superior performance and robustness to overfitting, compared to other ML models, including Logistic Regression, Neural Network, Decision Tree, Gradient Boosting, and Random Forest. The results demonstrated that XGBoost achieved the best performance across all evaluation metrics, with 99% accuracy on the training data, 98% on the testing data, and more than 90% for all other metrics. The robust predictive power of XGBoost is mainly due to its ensemble and regularisation techniques, which minimise errors and the overfitting problem simultaneously. These findings contribute a crucial benchmark for mortgage default modeling practice and develop an innovative financial ML technique, XGBoost, for predicting &ldquo;good&rdquo; and &ldquo;bad&rdquo; loans accurately. Given XGBoost&rsquo;s exceptional performance in predicting mortgage loan defaults, the study offers an innovative AI solution for credit risk assessment and smart lending decisions for banks, mortgage lenders, and financial institutions in the FinTech industry. The research also highlights a superior AI/ML classification algorithm for any field.</p>",open,"[{'name': 'Chi Ton Cong Nguyen', 'affiliation': 'James Madison High School, Vienna, VA, USA.', 'orcid': '0009-0002-8065-7215'}]",,CC-BY-NC-ND 4.0,,Journal article,publication,cc-by-4.0,"[{'index': 0, 'is_last': True, 'parent': {'pid_type': 'recid', 'pid_value': '17181601'}}]",https://zenodo.org/api/records/17181602,https://zenodo.org/records/17181602,https://zenodo.org/records/17181602?preview=1,https://doi.org/10.35940/ijitee.I1127.14100925,https://doi.org/10.35940/ijitee.I1127.14100925,https://zenodo.org/doi/10.35940/ijitee.I1127.14100925,https://zenodo.org/api/records/17181602/draft/pids/doi,https://zenodo.org/api/records/17181601,https://zenodo.org/records/17181601,,,https://zenodo.org/api/iiif/record:17181602/manifest,https://zenodo.org/api/iiif/record:17181602/sequence/default,https://zenodo.org/api/records/17181602/files,https://zenodo.org/api/records/17181602/media-files,https://zenodo.org/api/records/17181602/files-archive,https://zenodo.org/api/records/17181602/media-files-archive,https://zenodo.org/api/records/17181602/versions/latest,https://zenodo.org/records/17181602/latest,https://zenodo.org/api/records/17181602/versions,https://zenodo.org/api/records/17181602/draft,https://zenodo.org/api/records/17181602/access/links,https://zenodo.org/api/records/17181602/access/grants,https://zenodo.org/api/records/17181602/access/users,https://zenodo.org/api/records/17181602/access/request,https://zenodo.org/api/records/17181602/access,https://zenodo.org/api/records/17181602/communities,https://zenodo.org/api/records/17181602/communities-suggestions,https://zenodo.org/api/records/17181602/request-deletion,https://zenodo.org/api/records/17181602/file-modification,https://zenodo.org/api/records/17181602/requests,,68,65,65,65,68,65,65,65,,"[{'name': 'Chi Ton Cong Nguyen', 'affiliation': 'James Madison High School, Vienna, VA, USA.', 'type': 'ContactPerson', 'orcid': '0009-0002-8065-7215'}, {'name': 'Dr. Victoria N. Dean', 'affiliation': 'AI/ML Principal Researcher, New Jersey, USA.', 'type': 'Researcher', 'orcid': '0009-0006-0629-3416'}]","[{'type': 'accepted', 'description': 'Manuscript received on 30 July 2025 | First Revised Manuscript received on 06 August 2025 | Second Revised Manuscript received on 18 August 2025 | Manuscript Accepted on 15 September 2025 | Manuscript published on 30 September 2025.'}]","['Thomas, L., Crook, J., & Edelman, D. (2017). Credit scoring and its applications. Society for Industrial and Applied Mathematics. DOI: https://doi.org/10.1137/1.9781611974560', 'Adelino, M., Schoar, A., & Severino, F. (2018). The Role of Housing and Mortgage Markets in the Financial Crisis. Annual Review of Financial Economics, 10(1), 25–41. DOI: https://doi.org/10.1146/annurev-financial-110217-023036', ""Shi, S., Tse, R., Luo, W., D'Addona, S., & Pau, G. (2022). Machine Learning-Driven Credit Risk: A Systematic Review. Neural Computing and Applications, 34(17), 14327–14339. DOI: https://doi.org/10.1007/s00521-022-07472-2"", 'Freddie Mac. (2025). Single Family Loan-Level Dataset. Www.freddiemac.com. https://www.freddiemac.com/research/datasets/sf-loanlevel-dataset', 'Chen, D., Ye, J., & Ye, W. (2023). Interpretable selective learning in credit risk. Research in International Business and Finance, 65(0275-5319), 101940–101940. DOI: https://doi.org/10.1016/j.ribaf.2023.101940', 'Park, Y. S., Lek, S., & Erik, J. S. (2016). Chapter 7: Artificial Neural Networks - Multilayer Perceptron for Ecological Modelling. In Developments in Environmental Modelling (Vol. 28, pp. 123–140). Elsevier. DOI: https://doi.org/10.1016/B978-0-444-63623-2.00007-4', 'Duan, J. (2019). Financial system modelling using deep neural networks (DNNs) for practical risk assessment and prediction. Journal of the Franklin Institute, 356(8), 4716–4731. DOI: https://doi.org/10.1016/j.jfranklin.2019.01.046', 'Breiman, L., Friedman, J. H., Olshen, R. A., & Stone, C. J. (2017). Classification And Regression Trees. Routledge. DOI: https://doi.org/10.1201/9781315139470', ""Breiman, L., Cutler, A., Liaw, A., Wiener, M., & Liaw, M. A. (2018). Package 'randomforest'. University of California, Berkeley: Berkeley, CA, USA, 81, 1-29. DOI: https://doi.org/10.32614/CRAN.package.randomForest"", 'Dixon, M. F., Halperin, I., & Bilokon, P. A. (2020). Machine Learning in Finance: From Theory to Practice. Springer. DOI: https://doi.org/10.1007/978-3-030-41068-1', 'Levantesi, S., & Piscopo, G. (2020). The Importance of Economic Variables on the London Real Estate Market: A Random Forest Approach. Risks, 8(4), 112. DOI: https://doi.org/10.3390/risks8040112', 'Lu, H., Karimireddy, S. P., Ponomareva, N., & Mirrokni, V. (2020). Accelerating gradient boosting machines. In International Conference on Artificial Intelligence and Statistics (pp. 516-526). PMLR, https://proceedings.mlr.press/v108/lu20a.html', ""Chen, T., & Guestrin, C. (2016). XGBoost: a Scalable Tree Boosting System. Proceedings of the 22nd ACM SIGKDD International Conference on Knowledge Discovery and Data Mining - KDD'16, 1(1), 785–794. DOI: https://doi.org/10.1145/2939672.2939785"", ""Goel, A., & Rastogi, S. (2021). Understanding the Impact of Borrowers' Behavioural and Psychological Traits on Credit Default: A Review and Conceptual Model. Review of Behavioral Finance, 15(2). DOI: https://doi.org/10.1108/rbf-03-2021-0051"", 'Otero González, L., Durán Santomil, P., Lado Sestayo, R., & Vivel Búa, M. (2016). The impact of loan-to-value on the default rate of residential mortgage-backed securities. The Journal of Credit Risk, 12(3). DOI: https://doi.org/10.21314/jcr.2016.210', 'Ahmad, F., & Shehzad, C. T. (2024). The Role of the Interest Rate Environment in Mortgage Pricing. International Review of Economics & Finance, 89, 225–245. DOI: https://doi.org/10.1016/j.iref.2023.07.102', 'Li, Y., & Shi, Y. (2024). Credit Evaluation System Based on FICO. Applied and Computational Engineering, 96(1), 48–55. DOI: https://doi.org/10.54254/2755-2721/2024.17854']",eng,article,10,1-8,International Journal of Innovative Technology and Exploring Engineering (IJITEE),14,"[{'identifier': '10.35940/ijitee.I1127.14100925'}, {'identifier': '2278-3075'}]","https://zenodo.org/api/iiif/record:17181602:I112714090825.pdf/full/%5E10,/0/default.jpg","https://zenodo.org/api/iiif/record:17181602:I112714090825.pdf/full/%5E50,/0/default.jpg","https://zenodo.org/api/iiif/record:17181602:I112714090825.pdf/full/%5E100,/0/default.jpg","https://zenodo.org/api/iiif/record:17181602:I112714090825.pdf/full/%5E250,/0/default.jpg","https://zenodo.org/api/iiif/record:17181602:I112714090825.pdf/full/%5E750,/0/default.jpg","https://zenodo.org/api/iiif/record:17181602:I112714090825.pdf/full/%5E1200,/0/default.jpg",,,
2022-05-13T18:57:05.895256+00:00,2024-07-16T18:41:17.729031+00:00,6547376,6547375,10.5281/zenodo.6547376,10.5281/zenodo.6547375,https://doi.org/10.5281/zenodo.6547376,Mortgage Commitment Model,2024-07-16T18:41:17.729031+00:00,6547376,5,"[{'id': '34fe41c0-92a6-4a00-a66f-94d0834c08bf', 'key': 'MortgageCommitment.pdf', 'size': 87358, 'checksum': 'md5:d89eba929cb8a0f2c9656b711fc03ce0', 'links': {'self': 'https://zenodo.org/api/records/6547376/files/MortgageCommitment.pdf/content'}}]",[{'id': '110967'}],published,done,True,Mortgage Commitment Model,10.5281/zenodo.6547376,2022-05-13,"<p>The mortgage Commitment model is being used to measure the risk of mortgage commitments. The model is actually based on a two-step process, and in the end allows investor to hedge the inherent interest rate risk imbedded in these mortgage commitments</p>

<p>&nbsp;</p>

<p>In the first stage, the actual mortgage commitment pipeline is &ldquo;mapped&rdquo; to a simplified portfolio of European swaptions. In the second stage, this simplified portfolio of swaptions is used to determine an appropriate portfolio of swaps to hedge the swaptions.</p>",open,"[{'name': 'David Lee', 'affiliation': None}]",,,,Presentation,presentation,cc-by-4.0,"[{'index': 0, 'is_last': True, 'parent': {'pid_type': 'recid', 'pid_value': '6547375'}}]",https://zenodo.org/api/records/6547376,https://zenodo.org/records/6547376,https://zenodo.org/records/6547376?preview=1,https://doi.org/10.5281/zenodo.6547376,https://doi.org/10.5281/zenodo.6547376,https://zenodo.org/doi/10.5281/zenodo.6547376,https://zenodo.org/api/records/6547376/draft/pids/doi,https://zenodo.org/api/records/6547375,https://zenodo.org/records/6547375,https://doi.org/10.5281/zenodo.6547375,https://zenodo.org/doi/10.5281/zenodo.6547375,https://zenodo.org/api/iiif/record:6547376/manifest,https://zenodo.org/api/iiif/record:6547376/sequence/default,https://zenodo.org/api/records/6547376/files,https://zenodo.org/api/records/6547376/media-files,https://zenodo.org/api/records/6547376/files-archive,https://zenodo.org/api/records/6547376/media-files-archive,https://zenodo.org/api/records/6547376/versions/latest,https://zenodo.org/records/6547376/latest,https://zenodo.org/api/records/6547376/versions,https://zenodo.org/api/records/6547376/draft,https://zenodo.org/api/records/6547376/access/links,https://zenodo.org/api/records/6547376/access/grants,https://zenodo.org/api/records/6547376/access/users,https://zenodo.org/api/records/6547376/access/request,https://zenodo.org/api/records/6547376/access,https://zenodo.org/api/records/6547376/communities,https://zenodo.org/api/records/6547376/communities-suggestions,https://zenodo.org/api/records/6547376/request-deletion,https://zenodo.org/api/records/6547376/file-modification,https://zenodo.org/api/records/6547376/requests,,230,200,198,177,225,195,177,198,,,,,eng,,,,,,,"https://zenodo.org/api/iiif/record:6547376:MortgageCommitment.pdf/full/%5E10,/0/default.jpg","https://zenodo.org/api/iiif/record:6547376:MortgageCommitment.pdf/full/%5E50,/0/default.jpg","https://zenodo.org/api/iiif/record:6547376:MortgageCommitment.pdf/full/%5E100,/0/default.jpg","https://zenodo.org/api/iiif/record:6547376:MortgageCommitment.pdf/full/%5E250,/0/default.jpg","https://zenodo.org/api/iiif/record:6547376:MortgageCommitment.pdf/full/%5E750,/0/default.jpg","https://zenodo.org/api/iiif/record:6547376:MortgageCommitment.pdf/full/%5E1200,/0/default.jpg",['Mortgage Commitment Model'],https://osf.io/preprints/inarxiv/zxk7w/download,
2022-05-14T16:27:42.879359+00:00,2024-07-16T18:37:26.448178+00:00,6548953,6548952,10.5281/zenodo.6548953,10.5281/zenodo.6548952,https://doi.org/10.5281/zenodo.6548953,Mortgage Model,2024-07-16T18:37:26.448178+00:00,6548953,5,"[{'id': '56837707-3352-494e-94aa-63b920135d11', 'key': 'mortgageModel.pdf', 'size': 97955, 'checksum': 'md5:73b993b1441e4b86ef6809312fd672e2', 'links': {'self': 'https://zenodo.org/api/records/6548953/files/mortgageModel.pdf/content'}}]",[{'id': '110967'}],published,done,True,Mortgage Model,10.5281/zenodo.6548953,2022-05-14,"<p>Mortgage model is used to calculate the risk profile of various interest rate risk sensitive instruments, such as fixed rate mortgage and adjustable risk mortgage.&nbsp;The interest rate risk measures depend on the specific characteristics of the instrument&nbsp;(for example, the coupon of a fixed rate mortgage), and these are calculated different for the various instruments assuming an underlying interest rate process together with various valuation models for the instruments.</p>",open,"[{'name': 'David Lee', 'affiliation': None}]",,,,Presentation,presentation,cc-by-4.0,"[{'index': 0, 'is_last': True, 'parent': {'pid_type': 'recid', 'pid_value': '6548952'}}]",https://zenodo.org/api/records/6548953,https://zenodo.org/records/6548953,https://zenodo.org/records/6548953?preview=1,https://doi.org/10.5281/zenodo.6548953,https://doi.org/10.5281/zenodo.6548953,https://zenodo.org/doi/10.5281/zenodo.6548953,https://zenodo.org/api/records/6548953/draft/pids/doi,https://zenodo.org/api/records/6548952,https://zenodo.org/records/6548952,https://doi.org/10.5281/zenodo.6548952,https://zenodo.org/doi/10.5281/zenodo.6548952,https://zenodo.org/api/iiif/record:6548953/manifest,https://zenodo.org/api/iiif/record:6548953/sequence/default,https://zenodo.org/api/records/6548953/files,https://zenodo.org/api/records/6548953/media-files,https://zenodo.org/api/records/6548953/files-archive,https://zenodo.org/api/records/6548953/media-files-archive,https://zenodo.org/api/records/6548953/versions/latest,https://zenodo.org/records/6548953/latest,https://zenodo.org/api/records/6548953/versions,https://zenodo.org/api/records/6548953/draft,https://zenodo.org/api/records/6548953/access/links,https://zenodo.org/api/records/6548953/access/grants,https://zenodo.org/api/records/6548953/access/users,https://zenodo.org/api/records/6548953/access/request,https://zenodo.org/api/records/6548953/access,https://zenodo.org/api/records/6548953/communities,https://zenodo.org/api/records/6548953/communities-suggestions,https://zenodo.org/api/records/6548953/request-deletion,https://zenodo.org/api/records/6548953/file-modification,https://zenodo.org/api/records/6548953/requests,,227,218,179,175,226,217,175,179,,,,,eng,,,,,,,"https://zenodo.org/api/iiif/record:6548953:mortgageModel.pdf/full/%5E10,/0/default.jpg","https://zenodo.org/api/iiif/record:6548953:mortgageModel.pdf/full/%5E50,/0/default.jpg","https://zenodo.org/api/iiif/record:6548953:mortgageModel.pdf/full/%5E100,/0/default.jpg","https://zenodo.org/api/iiif/record:6548953:mortgageModel.pdf/full/%5E250,/0/default.jpg","https://zenodo.org/api/iiif/record:6548953:mortgageModel.pdf/full/%5E750,/0/default.jpg","https://zenodo.org/api/iiif/record:6548953:mortgageModel.pdf/full/%5E1200,/0/default.jpg",['Mortgage Model'],https://osf.io/preprints/inarxiv/f6v43/download,
2025-09-04T08:02:49.797981+00:00,2025-09-04T08:02:50.042790+00:00,17052263,17052262,10.5281/zenodo.17052263,10.5281/zenodo.17052262,https://doi.org/10.5281/zenodo.17052263,Modeling Dynamic Flood Population Exposure in Coupled Human-Water Systems: The Role of Reservoir Regulation and Population Movement,2025-09-04T08:02:50.042790+00:00,17052263,4,"[{'id': '2c83c64e-a902-43ce-8c8d-e24c9df959b3', 'key': 'README.txt', 'size': 1899, 'checksum': 'md5:e7c0ad98a543339b34d9e32c24b8a57d', 'links': {'self': 'https://zenodo.org/api/records/17052263/files/README.txt/content'}}, {'id': 'ccc17da8-d00a-465e-a732-c4ec69106885', 'key': 'PRD_pop_data.gdb.7z', 'size': 141523, 'checksum': 'md5:c7606f9e1b077a55818aa76148b253a6', 'links': {'self': 'https://zenodo.org/api/records/17052263/files/PRD_pop_data.gdb.7z/content'}}, {'id': '0b00e5b9-e8f9-49a8-aa96-5d1608a17f06', 'key': 'PRD_flddph.gdb.7z', 'size': 146163, 'checksum': 'md5:e4a75712c78f04742b5f72649ac643bf', 'links': {'self': 'https://zenodo.org/api/records/17052263/files/PRD_flddph.gdb.7z/content'}}]",[{'id': '1401543'}],published,done,True,Modeling Dynamic Flood Population Exposure in Coupled Human-Water Systems: The Role of Reservoir Regulation and Population Movement,10.5281/zenodo.17052263,2025-09-04,,open,"[{'name': 'Xiao, Yuanyuan', 'affiliation': 'State Key Laboratory of Climate System Prediction and Risk Management, Nanjing Normal University'}, {'name': 'Dai, Qiang', 'affiliation': 'State Key Laboratory of Climate System Prediction and Risk Management, Nanjing Normal University'}, {'name': 'Liu, Rui', 'affiliation': 'State Key Laboratory of Climate System Prediction and Risk Management, Nanjing Normal University'}, {'name': 'Ji, Duanyang', 'affiliation': 'State Key Laboratory of Climate System Prediction and Risk Management, Nanjing Normal University'}, {'name': 'Lai, Xiaoying', 'affiliation': None}, {'name': 'Zhang, Jun', 'affiliation': 'State Key Laboratory of Climate System Prediction and Risk Management, Nanjing Normal University'}]",,,,Dataset,dataset,cc-by-4.0,"[{'index': 0, 'is_last': True, 'parent': {'pid_type': 'recid', 'pid_value': '17052262'}}]",https://zenodo.org/api/records/17052263,https://zenodo.org/records/17052263,https://zenodo.org/records/17052263?preview=1,https://doi.org/10.5281/zenodo.17052263,https://doi.org/10.5281/zenodo.17052263,https://zenodo.org/doi/10.5281/zenodo.17052263,https://zenodo.org/api/records/17052263/draft/pids/doi,https://zenodo.org/api/records/17052262,https://zenodo.org/records/17052262,https://doi.org/10.5281/zenodo.17052262,https://zenodo.org/doi/10.5281/zenodo.17052262,https://zenodo.org/api/iiif/record:17052263/manifest,https://zenodo.org/api/iiif/record:17052263/sequence/default,https://zenodo.org/api/records/17052263/files,https://zenodo.org/api/records/17052263/media-files,https://zenodo.org/api/records/17052263/files-archive,https://zenodo.org/api/records/17052263/media-files-archive,https://zenodo.org/api/records/17052263/versions/latest,https://zenodo.org/records/17052263/latest,https://zenodo.org/api/records/17052263/versions,https://zenodo.org/api/records/17052263/draft,https://zenodo.org/api/records/17052263/access/links,https://zenodo.org/api/records/17052263/access/grants,https://zenodo.org/api/records/17052263/access/users,https://zenodo.org/api/records/17052263/access/request,https://zenodo.org/api/records/17052263/access,https://zenodo.org/api/records/17052263/communities,https://zenodo.org/api/records/17052263/communities-suggestions,https://zenodo.org/api/records/17052263/request-deletion,https://zenodo.org/api/records/17052263/file-modification,https://zenodo.org/api/records/17052263/requests,,30,30,33,31,30,30,31,33,,,,,,,,,,,,,,,,,,,,
2022-11-17T19:22:14.254964+00:00,2024-07-15T17:47:56.285744+00:00,7331916,7331915,10.5281/zenodo.7331916,10.5281/zenodo.7331915,https://doi.org/10.5281/zenodo.7331916,Development of efficient mortgage landing in macroeconomic stability and economic equilibrium provision,2024-07-15T17:47:56.285744+00:00,7331916,5,"[{'id': 'c31f7cd7-6f38-49de-a753-fe7bdec986a4', 'key': '7_Zharikova_1_2022.pdf', 'size': 499817, 'checksum': 'md5:2518043fec3cecc65a194f1bba926cd6', 'links': {'self': 'https://zenodo.org/api/records/7331916/files/7_Zharikova_1_2022.pdf/content'}}]",[{'id': '38589'}],published,done,True,Development of efficient mortgage landing in macroeconomic stability and economic equilibrium provision,10.5281/zenodo.7331916,2022-03-31,"<p>The paper reveals the essence of the modern mortgage lending market carried out by banking institutions in Ukraine. The peculiarities of the market functioning and the factors that restrain its development in modern conditions are considered. The definition of the concept of &ldquo;mortgage&rdquo; is theoretically substantiated, and the general financial and economic characteristics of mortgage lending in Ukraine are provided. The paper considers main indicators of banking activities in mortgage lending in Ukraine for 2018-2021. The article reveals the analysis of consumer lending dynamics and proves that mortgages has been playing a key role in banking activities due to providing a significant part of income, proper consideration of the benefits and risks of working in this direction, as well as increase the stability of banks. To manage credit risk, the National Bank of Ukraine (NBU) has introduced risk factors for unsecured consumer loans. New credit approval standards for financial institutions were studied and it was established that the repayment term is one of the factors affecting the number of mortgage loans. It has been proven that the mortgage lending volume is greatly influenced by exchange rates.</p>

<p>Analysis of the situation in the primary market reveal that certain relations regarding the provision and repayment of the mortgage are formed between the mortgage lender and the borrower. The secondary market functions to refinance mortgage lenders and to attract loans through issuing mortgage securities, selling mortgage assets to banks, secondary professional non-bank mortgage financial institutions or use these mortgage assets as collateral. Secondary mortgage institutions must ensure the activity of mortgage lenders on the primary mortgage market with risks diversification and carrying out measures to refinance mortgage lenders at the expense of funds from the placement of mortgage securities. The secondary mortgage market was created due to the banking system seeking to finance long-term mortgages at the expense of short-term bank liabilities. That is why the creation of the secondary mortgage market is one of the main priorities of the state policy in the national mortgage system development. The interest rate on mortgage loans is one of the important factors affecting loans. Therefore, this factor needs a more profound analyzing.</p>",open,"[{'name': 'Оlena Zharikova', 'affiliation': None, 'orcid': '0000-0002-1259-1712'}, {'name': 'Oksana Pashchenko', 'affiliation': None, 'orcid': '0000-0002-0603-8072'}, {'name': 'Tetiana Grebeniuk', 'affiliation': None, 'orcid': '0000-0002-9529-6742'}]",,,,Journal article,publication,cc-by-4.0,"[{'index': 0, 'is_last': True, 'parent': {'pid_type': 'recid', 'pid_value': '7331915'}}]",https://zenodo.org/api/records/7331916,https://zenodo.org/records/7331916,https://zenodo.org/records/7331916?preview=1,https://doi.org/10.5281/zenodo.7331916,https://doi.org/10.5281/zenodo.7331916,https://zenodo.org/doi/10.5281/zenodo.7331916,https://zenodo.org/api/records/7331916/draft/pids/doi,https://zenodo.org/api/records/7331915,https://zenodo.org/records/7331915,https://doi.org/10.5281/zenodo.7331915,https://zenodo.org/doi/10.5281/zenodo.7331915,https://zenodo.org/api/iiif/record:7331916/manifest,https://zenodo.org/api/iiif/record:7331916/sequence/default,https://zenodo.org/api/records/7331916/files,https://zenodo.org/api/records/7331916/media-files,https://zenodo.org/api/records/7331916/files-archive,https://zenodo.org/api/records/7331916/media-files-archive,https://zenodo.org/api/records/7331916/versions/latest,https://zenodo.org/records/7331916/latest,https://zenodo.org/api/records/7331916/versions,https://zenodo.org/api/records/7331916/draft,https://zenodo.org/api/records/7331916/access/links,https://zenodo.org/api/records/7331916/access/grants,https://zenodo.org/api/records/7331916/access/users,https://zenodo.org/api/records/7331916/access/request,https://zenodo.org/api/records/7331916/access,https://zenodo.org/api/records/7331916/communities,https://zenodo.org/api/records/7331916/communities-suggestions,https://zenodo.org/api/records/7331916/request-deletion,https://zenodo.org/api/records/7331916/file-modification,https://zenodo.org/api/records/7331916/requests,,85,85,97,94,82,82,82,84,,,,,,article,1,,Political Science and Security Studies Journal,3,,"https://zenodo.org/api/iiif/record:7331916:7_Zharikova_1_2022.pdf/full/%5E10,/0/default.jpg","https://zenodo.org/api/iiif/record:7331916:7_Zharikova_1_2022.pdf/full/%5E50,/0/default.jpg","https://zenodo.org/api/iiif/record:7331916:7_Zharikova_1_2022.pdf/full/%5E100,/0/default.jpg","https://zenodo.org/api/iiif/record:7331916:7_Zharikova_1_2022.pdf/full/%5E250,/0/default.jpg","https://zenodo.org/api/iiif/record:7331916:7_Zharikova_1_2022.pdf/full/%5E750,/0/default.jpg","https://zenodo.org/api/iiif/record:7331916:7_Zharikova_1_2022.pdf/full/%5E1200,/0/default.jpg",,,[{'id': 'psssj'}]
2022-10-20T15:07:30.550692+00:00,2024-07-15T21:28:57.438908+00:00,7230142,7230141,10.5281/zenodo.7230142,10.5281/zenodo.7230141,https://doi.org/10.5281/zenodo.7230142,Mortgage lending market: problems and development prospects,2024-07-15T21:28:57.438908+00:00,7230142,5,"[{'id': '17ed0b79-bd32-4adf-8e79-5a931c4b1eb5', 'key': '4_Zharikova_2_2022.pdf', 'size': 450039, 'checksum': 'md5:24d6ae15ede4b07cdaf34a3246b4eea6', 'links': {'self': 'https://zenodo.org/api/records/7230142/files/4_Zharikova_2_2022.pdf/content'}}]",[{'id': '38589'}],published,done,True,Mortgage lending market: problems and development prospects,10.5281/zenodo.7230142,2022-06-30,"<p>The paper reveals the essence of the modern mortgage lending market carried out by banking institutions in Ukraine. The peculiarities of the market functioning and the factors that restrain its development in modern conditions are considered. The definition of the concept of &ldquo;mortgage&rdquo; is theoretically substantiated, and the general financial and economic characteristics of mortgage lending in Ukraine are provided. The paper considers main indicators of banking activities in mortgage lending in Ukraine for 2018-2021. The article reveals the analysis of consumer lending dynamics and proves that mortgages has been playing a key role in banking activities due to providing a significant part of income, proper consideration of the benefits and risks of working in this direction, as well as increase the stability of banks. To manage credit risk, the National Bank of Ukraine (NBU) has introduced risk factors for unsecured consumer loans. New credit approval standards for financial institutions were studied and it was established that the repayment term is one of the factors affecting the number of mortgage loans. It has been proven that the mortgage lending volume is greatly influenced by exchange rates.</p>

<p>Analysis of the situation in the primary market reveal that certain relations regarding the provision and repayment of the mortgage are formed between the mortgage lender and the borrower. The secondary market functions to refinance mortgage lenders and to attract loans through issuing mortgage securities, selling mortgage assets to banks, secondary professional non-bank mortgage financial institutions or use these mortgage assets as collateral. Secondary mortgage institutions must ensure the activity of mortgage lenders on the primary mortgage market with risks diversification and carrying out measures to refinance mortgage lenders at the expense of funds from the placement of mortgage securities. The secondary mortgage market was created due to the banking system seeking to finance long-term mortgages at the expense of short-term bank liabilities. That is why the creation of the secondary mortgage market is one of the main priorities of the state policy in the national mortgage system development. The interest rate on mortgage loans is one of the important factors affecting loans. Therefore, this factor needs a more profound analyzing.</p>",open,"[{'name': 'Yuliia Nehoda', 'affiliation': None}, {'name': 'Оlena Zharikova', 'affiliation': None}, {'name': 'Tetyana Grebenyuk', 'affiliation': None}]",,,,Journal article,publication,cc-by-4.0,"[{'index': 0, 'is_last': True, 'parent': {'pid_type': 'recid', 'pid_value': '7230141'}}]",https://zenodo.org/api/records/7230142,https://zenodo.org/records/7230142,https://zenodo.org/records/7230142?preview=1,https://doi.org/10.5281/zenodo.7230142,https://doi.org/10.5281/zenodo.7230142,https://zenodo.org/doi/10.5281/zenodo.7230142,https://zenodo.org/api/records/7230142/draft/pids/doi,https://zenodo.org/api/records/7230141,https://zenodo.org/records/7230141,https://doi.org/10.5281/zenodo.7230141,https://zenodo.org/doi/10.5281/zenodo.7230141,https://zenodo.org/api/iiif/record:7230142/manifest,https://zenodo.org/api/iiif/record:7230142/sequence/default,https://zenodo.org/api/records/7230142/files,https://zenodo.org/api/records/7230142/media-files,https://zenodo.org/api/records/7230142/files-archive,https://zenodo.org/api/records/7230142/media-files-archive,https://zenodo.org/api/records/7230142/versions/latest,https://zenodo.org/records/7230142/latest,https://zenodo.org/api/records/7230142/versions,https://zenodo.org/api/records/7230142/draft,https://zenodo.org/api/records/7230142/access/links,https://zenodo.org/api/records/7230142/access/grants,https://zenodo.org/api/records/7230142/access/users,https://zenodo.org/api/records/7230142/access/request,https://zenodo.org/api/records/7230142/access,https://zenodo.org/api/records/7230142/communities,https://zenodo.org/api/records/7230142/communities-suggestions,https://zenodo.org/api/records/7230142/request-deletion,https://zenodo.org/api/records/7230142/file-modification,https://zenodo.org/api/records/7230142/requests,,133,121,167,160,130,118,149,156,,,,,,article,2,,Political Science and Security Studies Journal,3,,"https://zenodo.org/api/iiif/record:7230142:4_Zharikova_2_2022.pdf/full/%5E10,/0/default.jpg","https://zenodo.org/api/iiif/record:7230142:4_Zharikova_2_2022.pdf/full/%5E50,/0/default.jpg","https://zenodo.org/api/iiif/record:7230142:4_Zharikova_2_2022.pdf/full/%5E100,/0/default.jpg","https://zenodo.org/api/iiif/record:7230142:4_Zharikova_2_2022.pdf/full/%5E250,/0/default.jpg","https://zenodo.org/api/iiif/record:7230142:4_Zharikova_2_2022.pdf/full/%5E750,/0/default.jpg","https://zenodo.org/api/iiif/record:7230142:4_Zharikova_2_2022.pdf/full/%5E1200,/0/default.jpg",,,[{'id': 'psssj'}]
2021-06-30T11:33:25.404021+00:00,2024-07-18T23:32:26.873103+00:00,5035156,5035155,10.5281/zenodo.5035156,10.5281/zenodo.5035155,https://doi.org/10.5281/zenodo.5035156,Real Estate Futures and Derivative Markets in India: Scope and Challenges,2024-07-18T23:32:26.873103+00:00,5035156,5,"[{'id': '292a7e40-7a71-4898-9648-7672fd356257', 'key': 'All_typeset_Real Estate Futures and Derivative Markets in India_ Scope and Challenges wih complete .pdf', 'size': 459306, 'checksum': 'md5:922c170122728df6037724a21fe9224f', 'links': {'self': 'https://zenodo.org/api/records/5035156/files/All_typeset_Real Estate Futures and Derivative Markets in India_ Scope and Challenges wih complete .pdf/content'}}]",[{'id': '131097'}],published,done,True,Real Estate Futures and Derivative Markets in India: Scope and Challenges,10.5281/zenodo.5035156,2021-06-30,"<p>In this paper, we try to explain how Real Estate Futures and the Derivatives market would be important for our Indian Economy. We aim to come up with the scope of Real Estate Futures and Derivative Markets in India and also take into consideration the challenges that this would face in the Indian Markets. To come up with these things we conducted a literature review, in which we went through Research Papers written before the commencement of this market regarding the basics of Real Estate futures and derivatives market in other countries as well as papers that were written after the market was implemented. The Real Estate Futures and Derivatives market will also provide liquidity to investors who want to diversify their portfolio and even to those who want to hedge their losses. Liquidity being an important factor in any futures and derivatives market, it is important to have investors who possess the right information and knowledge as to how the market functions. The Indian Real Estate Market was examined and the advantages of Real Estate Futures and Derivatives markets outweigh the challenges.&nbsp;&nbsp;</p>",open,"[{'name': 'Atul Gupta', 'affiliation': 'Hindu College, University of Delhi, Delhi'}, {'name': 'Ranvir Singh Sirohi', 'affiliation': 'Hindu College, University of Delhi, Delhi'}, {'name': 'Dhananjai Negi', 'affiliation': 'Hindu College, University of Delhi, Delhi'}, {'name': 'Sabhya Verma', 'affiliation': 'Hindu College, University of Delhi, Delhi'}]",,,,Journal article,publication,cc-by-4.0,"[{'index': 0, 'is_last': True, 'parent': {'pid_type': 'recid', 'pid_value': '5035155'}}]",https://zenodo.org/api/records/5035156,https://zenodo.org/records/5035156,https://zenodo.org/records/5035156?preview=1,https://doi.org/10.5281/zenodo.5035156,https://doi.org/10.5281/zenodo.5035156,https://zenodo.org/doi/10.5281/zenodo.5035156,https://zenodo.org/api/records/5035156/draft/pids/doi,https://zenodo.org/api/records/5035155,https://zenodo.org/records/5035155,https://doi.org/10.5281/zenodo.5035155,https://zenodo.org/doi/10.5281/zenodo.5035155,https://zenodo.org/api/iiif/record:5035156/manifest,https://zenodo.org/api/iiif/record:5035156/sequence/default,https://zenodo.org/api/records/5035156/files,https://zenodo.org/api/records/5035156/media-files,https://zenodo.org/api/records/5035156/files-archive,https://zenodo.org/api/records/5035156/media-files-archive,https://zenodo.org/api/records/5035156/versions/latest,https://zenodo.org/records/5035156/latest,https://zenodo.org/api/records/5035156/versions,https://zenodo.org/api/records/5035156/draft,https://zenodo.org/api/records/5035156/access/links,https://zenodo.org/api/records/5035156/access/grants,https://zenodo.org/api/records/5035156/access/users,https://zenodo.org/api/records/5035156/access/request,https://zenodo.org/api/records/5035156/access,https://zenodo.org/api/records/5035156/communities,https://zenodo.org/api/records/5035156/communities-suggestions,https://zenodo.org/api/records/5035156/request-deletion,https://zenodo.org/api/records/5035156/file-modification,https://zenodo.org/api/records/5035156/requests,,35,35,116,115,35,35,115,116,,,,"['Albashabsheh, A., Alhroob, M., Irbihat, B., & Javed, S. (2018). Impact Of Accounting Information System In Reducing Costing In Jordanian Banks. International Journal of Research Granthaalayah, 6(7), 210–215. https://doi.org/10.5281/zenodo.1336672', 'Alhroob, M., Irbihat, B., Albashabsheh, A., & Javed, S. (2017). Does Corporate Governance Create Volatility in Performance\u202f? International Journal of Informative & Futuristic Research, 4(7), 6859–6866. Retrieved from http://www.ijifr.com/pdfsave/01-04-2017495IJIFR-V4-E7-075.pdf', 'Aye, G. C., Goswami, S., & Gupta, R. (2012). Metropolitan House Prices in India : Do They Converge ? University of Pretoria Department of Economics Working Paper Series Metropolitan House Prices in India : Do they Converge ? Goodness C . Aye University of Pretoria Samrat Goswami Rangan Gupta Univers. January.', 'Fabozzi, F. J., Shiller, R. J., & Tunaru, R. S. (2009). Hedging real estate risk. Journal of Portfolio Management, 35(5). https://doi.org/10.3905/JPM.2009.35.5.092', 'Fabozzi, F. J., Shiller, R. J., & Tunaru, R. S. (2020). A 30-Year perspective on property derivatives: What can be done to tame property price risk? Journal of Economic Perspectives, 34(4), 121–145. https://doi.org/10.1257/JEP.34.4.121', 'Husain, U., & Javed, S. (2019a). Impact of Climate Change on Agriculture and Indian Economy\u202f: A Quantitative Research Perspective from 1980 to 2016. Industrial Engineering & Management, 8(2), 2–5. Retrieved from https://www.hilarispublisher.com/open-access/impact-of-climate-change-on-agriculture-and-indian-economy-a-quantitative-research-perspective-from-1980-to-2016.pdf', 'Husain, U., & Javed, S. (2019b). Stock Price Movement And Volatility In Muscat Security Market ( MSM ). International Journal of Research - Granthaalayah, 7(February), 68–84. https://doi.org/10.5281/zenodo.2580535', 'Javed, S. (2017). Unified Theory Of Acceptance And Use Of Technology (UTAUT) Model-Mobile Banking. Journal of Internet Banking and Commerce, 22(3), 1–20. Retrieved from https://www.icommercecentral.com/open-access/unified-theory-of-acceptance-and-use-of-technology-utaut-modelmobile-banking.php?aid=86597', 'Javed, S. (2018). Does Organisation Behaviour Affect Performance Of Auditing Firms? International Journal of Engineering Technologies and Management Research, 5(1), 90–98. https://doi.org/10.5281/zenodo.1171842', 'Javed, S., Aldalaien, B. A., Husain, U., & Khan, M. S. (2019). Impact of Federal Funds Rate on Monthly Stocks Return of United States of America. International Journal of Business and Management, 14(9), 105–113. https://doi.org/10.5539/ijbm.v14n9p105', 'Javed, S., Atallah, B., Aldalaien, E., & Husain, U. (2019). Performance of Venture Capital Firms in UK\u202f: Quantitative Research Approach of 20 UK Venture Capitals. Middle-East Journal of Scientific Research, 27(5), 432–438. https://doi.org/10.5829/idosi.mejsr.2019.432.438', 'Javed, S., & Azhar, A. (2017). Forecasting Employee Turnover for Human Resource Based on Time Series Analysis. International Journal Of Economics Research, 14(16), 445–456. Retrieved from https://serialsjournals.com/abstract/46037_ch_37_f_-_forecasting.pdf', 'Javed, S., Husain, U., & Ali, S. (2020). Relevancy of Investment Decisions And Consumption With Asset Pricing\u202f: GMM And CCAPM Model Approach. International Journal of Management, 11(8), 10–17. https://doi.org/10.34218/IJM.11.8.2020.002', 'Javed, S., & Khan, A. A. (2017). Analysing Parsimonious Model of OL and OE Using SEM Technique. International Journal of Applied Business and Economic Research, 15(22), 685–712. Retrieved from https://serialsjournals.com/abstract/53799_sarfarz_and_azeem.pdf', 'Kumar, B., Chawla, N., & Mohanty, B. (2018). Reform in the Indian real estate sector: an analysis. International Journal of Law and Management, 60(1), 55–68. https://doi.org/10.1108/IJLMA-10-2016-0093', 'Khan, A. A., & Javed, S. (2017). Accounting of post merger financial performance of Punjab National Bank (PNB) and Nedungadi Bank. International Journal of Mechanical Engineering and Technology, 8(11), 1043–1062. Retrieved from http://www.iaeme.com/MasterAdmin/Journal_uploads/IJMET/VOLUME_8_ISSUE_11/IJMET_08_11_107.pdf', 'Khan, A., Baseer, S., & Javed, S. (2017). Perception of students on usage of mobile data by K-mean clustering algorithm. International Journal of Advanced and Applied Sciences, 4(2), 17–21. https://doi.org/https://doi.org/10.21833/ijaas.2017.02.003', 'Putatunda, S. (2019). PropTech for proactive pricing of houses in classified advertisements in the Indian real estate market. ArXiv. https://doi.org/10.5281/zenodo.3401788', 'Rouanet, H., & Halbert, L. (2014). Leveraging finance capital: Urban change and self-empowerment of real estate developers in India. Urban Studies, 53(7), 1401–1423. https://doi.org/10.1177/0042098015585917', 'Rutskiy, V., Javed, S., Azizam, S. H., Chudopal, N., Zhigalov, K., Kuzmich, R., & Pupkov, A. (2020). The Price Determinants of Bitcoin as a New Digital Form of Money. (R. Silhavy, P. Silhavy, & Z. Prokopova, Eds.). Springer International Publishing. https://doi.org/10.1007/978-3-030-63322-6', 'Sarma, M., Saha, P., & Jayakumar, N. (2017). Asset Inequality in India: Going from Bad to Worse. Social Scientist, 45(3/4), 53–67. http://www.jstor.org/stable/26380345', 'Shiller, R. J., Blitzer, D., Hartigan, J., Loebs, T., Reiss, J., Rive, S., Ullal, A., & Walny, R. (2008). Nber Working Paper Series Derivatives Markets for Home Prices. http://www.nber.org/papers/w13962']",,article,2,11-21,"International Journal of Economics, Business and Human Behaviour (IJEBHB)",2,,"https://zenodo.org/api/iiif/record:5035156:All_typeset_Real%20Estate%20Futures%20and%20Derivative%20Markets%20in%20India_%20Scope%20and%20Challenges%20wih%20complete%20.pdf/full/%5E10,/0/default.jpg","https://zenodo.org/api/iiif/record:5035156:All_typeset_Real%20Estate%20Futures%20and%20Derivative%20Markets%20in%20India_%20Scope%20and%20Challenges%20wih%20complete%20.pdf/full/%5E50,/0/default.jpg","https://zenodo.org/api/iiif/record:5035156:All_typeset_Real%20Estate%20Futures%20and%20Derivative%20Markets%20in%20India_%20Scope%20and%20Challenges%20wih%20complete%20.pdf/full/%5E100,/0/default.jpg","https://zenodo.org/api/iiif/record:5035156:All_typeset_Real%20Estate%20Futures%20and%20Derivative%20Markets%20in%20India_%20Scope%20and%20Challenges%20wih%20complete%20.pdf/full/%5E250,/0/default.jpg","https://zenodo.org/api/iiif/record:5035156:All_typeset_Real%20Estate%20Futures%20and%20Derivative%20Markets%20in%20India_%20Scope%20and%20Challenges%20wih%20complete%20.pdf/full/%5E750,/0/default.jpg","https://zenodo.org/api/iiif/record:5035156:All_typeset_Real%20Estate%20Futures%20and%20Derivative%20Markets%20in%20India_%20Scope%20and%20Challenges%20wih%20complete%20.pdf/full/%5E1200,/0/default.jpg","[""Hedging, Bid-Ask Spread, Ring-Fencing, Collateral Debt Obligation (CDO's), Securitization, Residential Mortgage-backed securities (RMBS), Subprime, Spot market, Total Return Swap, Negative amortization, Interest rate risk, SVR""]","Hedging, Bid-Ask Spread, Ring-Fencing, Collateral Debt Obligation (CDO's), Securitization, Residential Mortgage-backed securities (RMBS), Subprime, Spot market, Total Return Swap, Negative amortization, Interest rate risk, SVR",[{'id': 'ijebhb'}]
2019-05-28T09:47:21.096845+00:00,2024-07-22T22:44:27.990145+00:00,3233661,3233660,10.5281/zenodo.3233661,10.5281/zenodo.3233660,https://doi.org/10.5281/zenodo.3233661,Basel II Sermaye Yeterliliği Düzenlemesinin AB İpotekli Konut Finansman (Mortgage) Piyasalarına Etkisi: Karşılaştırmalı Bir İnceleme,2024-07-22T22:44:27.990145+00:00,3233661,8,"[{'id': '5c96be79-8fab-48c5-89f2-a7a2c4ad0bf8', 'key': 'Basel II SermayeYeterliliği AB MortgagePiyasaları.pdf', 'size': 562062, 'checksum': 'md5:244c94595cdb07e402b58f4645ba8867', 'links': {'self': 'https://zenodo.org/api/records/3233661/files/Basel II SermayeYeterliliği AB MortgagePiyasaları.pdf/content'}}]",[{'id': '67269'}],published,done,True,Basel II Sermaye Yeterliliği Düzenlemesinin AB İpotekli Konut Finansman (Mortgage) Piyasalarına Etkisi: Karşılaştırmalı Bir İnceleme,10.5281/zenodo.3233661,2006-01-15,"<p>Basel I-II d&uuml;zenlemelerinde, temelde, banka &ccedil;alışmalarının ve minimum sermaye gereksinimlerinin standart bir yapıya kavuşturulması hedeflenmiştir. Bu y&ouml;nde Basel II, % 8&rsquo;lik minimum sermaye gerekliliği, g&ouml;zetimin g&ouml;zden ge&ccedil;irilmesi ve piyasa disiplini gibi &uuml;&ccedil; temel esasla birlikte risk odaklı sermaye y&ouml;netimi ve kredi fiyatlaması gibi &ccedil;eşitli yenilikleri de beraberinde getirmiştir. Basel II, kredi kuruluşlarının sermaye yeterliliğini ve bilan&ccedil;olarını etkilemektedir. AB ipotekli piyasalarında, &uuml;r&uuml;nlerin riskleriyle beraber bilan&ccedil;o &uuml;zerinde kaldığı &ldquo;bilan&ccedil;o-i&ccedil;i(on-balance-sheet) menkul kıymetleştirme&rdquo; yaygındır. İpotekli &uuml;r&uuml;nlerin risk ağırlıklarının değiştirilmesiyle, AB ipotekli kredi kuruluşları &ccedil;eşitli y&ouml;nlerden (Bilan&ccedil;o kalemleri, sermaye gerekliliği, kredi-fonlama maliyeti, sermaye tutma ve getiri oranları vb.) doğrudan etkilenmektedir. Basel II ile, ipotekli &uuml;r&uuml;nlerdeki risk ağırlıkları d&uuml;ş&uuml;r&uuml;lmektedir. Dolayısıyla bu d&uuml;ş&uuml;ş, banka minimum sermaye gerekliliğini azaltmaktadır. Neticede, bu olumlu etki de, ipotekli piyasalarda ipotekli fonlama/ipotekli kredi maliyetinin azalması, ipotekli &uuml;r&uuml;n ihra&ccedil;larının artması ve daha ger&ccedil;ek&ccedil;i risk ve sermaye y&ouml;netimi y&ouml;n&uuml;nde etki doğurmaktadır. Basel II, ayrıca, ipotekli piyasaların gelişmesine katkı sağlama yanında, yeni bilgi teknolojileri (IT) ve risk y&ouml;netim sistemleri başta olmak &uuml;zere &ccedil;eşitli potansiyel yatırım maliyetleri ile stratejik etkileri de beraberinde getirmektedir.&nbsp;</p>

<p><strong>(The Impact of Basel II The Capital Adequacy Directive on the European Mortgage Markets) </strong>Basel II proposed a capital framework consists of three main pillars with special reference to the Minimum Capital Requirements with a minimum capital standard of 8% in addition to the risk-based capital management and risk-based credit pricing. Basel II has some impact upon the capital adequacy and balance-sheets of the banks., European mortgage markets has a method widespread called &ldquo;onbalance-sheeet securitisation&rdquo; bearing majority of the risks of mortgage instruments on the balancesheet. The fall of the risk weighting of the mortgage products under new Basel II rules causes a decrease of minimum capital adequacy and more issued mortgage products.&nbsp;</p>",open,"[{'name': 'Aksoy, Tamer', 'affiliation': None, 'orcid': '0000-0001-6483-4547'}]",,,,Journal article,publication,cc-by-4.0,"[{'index': 0, 'is_last': True, 'parent': {'pid_type': 'recid', 'pid_value': '3233660'}}]",https://zenodo.org/api/records/3233661,https://zenodo.org/records/3233661,https://zenodo.org/records/3233661?preview=1,https://doi.org/10.5281/zenodo.3233661,https://doi.org/10.5281/zenodo.3233661,https://zenodo.org/doi/10.5281/zenodo.3233661,https://zenodo.org/api/records/3233661/draft/pids/doi,https://zenodo.org/api/records/3233660,https://zenodo.org/records/3233660,https://doi.org/10.5281/zenodo.3233660,https://zenodo.org/doi/10.5281/zenodo.3233660,https://zenodo.org/api/iiif/record:3233661/manifest,https://zenodo.org/api/iiif/record:3233661/sequence/default,https://zenodo.org/api/records/3233661/files,https://zenodo.org/api/records/3233661/media-files,https://zenodo.org/api/records/3233661/files-archive,https://zenodo.org/api/records/3233661/media-files-archive,https://zenodo.org/api/records/3233661/versions/latest,https://zenodo.org/records/3233661/latest,https://zenodo.org/api/records/3233661/versions,https://zenodo.org/api/records/3233661/draft,https://zenodo.org/api/records/3233661/access/links,https://zenodo.org/api/records/3233661/access/grants,https://zenodo.org/api/records/3233661/access/users,https://zenodo.org/api/records/3233661/access/request,https://zenodo.org/api/records/3233661/access,https://zenodo.org/api/records/3233661/communities,https://zenodo.org/api/records/3233661/communities-suggestions,https://zenodo.org/api/records/3233661/request-deletion,https://zenodo.org/api/records/3233661/file-modification,https://zenodo.org/api/records/3233661/requests,,54,53,103,101,54,53,101,103,,,,,tur,article,29,91-102,Muhasebe ve Finansman Dergisi,,,"https://zenodo.org/api/iiif/record:3233661:Basel%20II%20SermayeYeterlili%C4%9Fi%20AB%20MortgagePiyasalar%C4%B1.pdf/full/%5E10,/0/default.jpg","https://zenodo.org/api/iiif/record:3233661:Basel%20II%20SermayeYeterlili%C4%9Fi%20AB%20MortgagePiyasalar%C4%B1.pdf/full/%5E50,/0/default.jpg","https://zenodo.org/api/iiif/record:3233661:Basel%20II%20SermayeYeterlili%C4%9Fi%20AB%20MortgagePiyasalar%C4%B1.pdf/full/%5E100,/0/default.jpg","https://zenodo.org/api/iiif/record:3233661:Basel%20II%20SermayeYeterlili%C4%9Fi%20AB%20MortgagePiyasalar%C4%B1.pdf/full/%5E250,/0/default.jpg","https://zenodo.org/api/iiif/record:3233661:Basel%20II%20SermayeYeterlili%C4%9Fi%20AB%20MortgagePiyasalar%C4%B1.pdf/full/%5E750,/0/default.jpg","https://zenodo.org/api/iiif/record:3233661:Basel%20II%20SermayeYeterlili%C4%9Fi%20AB%20MortgagePiyasalar%C4%B1.pdf/full/%5E1200,/0/default.jpg","['Basel I-II', 'kredi risk ağırlıklandırma', 'sermaye yeterliliği', 'ipotekli konut finansmanı (mortgage)', 'bilanço, finansal tablo', 'BaselI-II Capital Accord', 'mortgage', 'Capital Adequacy', 'balance sheet', 'credit risk weightining', 'Basel Capital Adequacy Directive', 'European  Mortgage Markets', 'Capital Accord', 'Avrupa mortgage piyasası']",,
2025-07-01T11:49:15.802350+00:00,2025-07-01T11:49:15.997128+00:00,15782755,15782754,10.18288/1994-5124-2024-6-26-53,,https://doi.org/10.18288/1994-5124-2024-6-26-53,Impact of Monetary Policy on Mortgage Rates in Russia's Regions,2025-07-01T11:49:15.997128+00:00,15782755,4,"[{'id': '80f15449-e668-4c63-ae6c-1b7765cfbcc7', 'key': '197-387-1-SM.pdf', 'size': 531733, 'checksum': 'md5:264b7f96a8b7e03450d173d648bd1301', 'links': {'self': 'https://zenodo.org/api/records/15782755/files/197-387-1-SM.pdf/content'}}]",[{'id': '1170234'}],published,done,True,Impact of Monetary Policy on Mortgage Rates in Russia's Regions,10.18288/1994-5124-2024-6-26-53,2024,"<p>Based on panel data analysis of weighted average interest rates in Russia&rsquo;s regions, this paper documents differences in the responses of regional mortgage markets to changes in money market rates (in this instance, MIACR), which are influenced primarily by changes in the key rate of the Central Bank of Russia. The efficiency of monetary transmission is significantly affected by the degree of competition in regional mortgage markets. The authors propose that this may be explained by the different roles that money market instruments play as a source of liabilities for particular banks and, therefore, by variations in the amplitude of transmission of money market rates into mortgage rates. In addition, mortgage interest rates are influenced by the amount of competition in a regional mortgage market as well as by the purchasing power of borrowers in housing markets and by the quality of life in the Russian regions. This is explained via the standard microeconomic logic of market structures and the role of the PTI (the payment-to-income ratio, which indicates how much of a borrower&rsquo;s income is spent on loan repayment) in determining degree of risk and ultimately the risk premium. The amount of migration into a region is also negatively correlated with mortgage interest rates.</p>",open,"[{'name': 'Demidova, Olga', 'affiliation': 'National Research University Higher School of Economics'}, {'name': 'Myasnikov, Alexander', 'affiliation': 'National Research University Higher School of Economics'}, {'name': 'Seregina, Svetlana', 'affiliation': 'National Research University Higher School of Economics'}, {'name': 'Shchankina, Anna', 'affiliation': 'National Research University Higher School of Economics'}]",,,,Journal article,publication,cc-by-4.0,"[{'index': 0, 'is_last': True, 'parent': {'pid_type': 'recid', 'pid_value': '15782754'}}]",https://zenodo.org/api/records/15782755,https://zenodo.org/records/15782755,https://zenodo.org/records/15782755?preview=1,https://doi.org/10.18288/1994-5124-2024-6-26-53,https://doi.org/10.18288/1994-5124-2024-6-26-53,https://zenodo.org/doi/10.18288/1994-5124-2024-6-26-53,https://zenodo.org/api/records/15782755/draft/pids/doi,https://zenodo.org/api/records/15782754,https://zenodo.org/records/15782754,,,https://zenodo.org/api/iiif/record:15782755/manifest,https://zenodo.org/api/iiif/record:15782755/sequence/default,https://zenodo.org/api/records/15782755/files,https://zenodo.org/api/records/15782755/media-files,https://zenodo.org/api/records/15782755/files-archive,https://zenodo.org/api/records/15782755/media-files-archive,https://zenodo.org/api/records/15782755/versions/latest,https://zenodo.org/records/15782755/latest,https://zenodo.org/api/records/15782755/versions,https://zenodo.org/api/records/15782755/draft,https://zenodo.org/api/records/15782755/access/links,https://zenodo.org/api/records/15782755/access/grants,https://zenodo.org/api/records/15782755/access/users,https://zenodo.org/api/records/15782755/access/request,https://zenodo.org/api/records/15782755/access,https://zenodo.org/api/records/15782755/communities,https://zenodo.org/api/records/15782755/communities-suggestions,https://zenodo.org/api/records/15782755/request-deletion,https://zenodo.org/api/records/15782755/file-modification,https://zenodo.org/api/records/15782755/requests,,13,13,13,12,13,13,12,13,,,,,rus,article,6,26-53,Economicheskaya politika,19,,"https://zenodo.org/api/iiif/record:15782755:197-387-1-SM.pdf/full/%5E10,/0/default.jpg","https://zenodo.org/api/iiif/record:15782755:197-387-1-SM.pdf/full/%5E50,/0/default.jpg","https://zenodo.org/api/iiif/record:15782755:197-387-1-SM.pdf/full/%5E100,/0/default.jpg","https://zenodo.org/api/iiif/record:15782755:197-387-1-SM.pdf/full/%5E250,/0/default.jpg","https://zenodo.org/api/iiif/record:15782755:197-387-1-SM.pdf/full/%5E750,/0/default.jpg","https://zenodo.org/api/iiif/record:15782755:197-387-1-SM.pdf/full/%5E1200,/0/default.jpg","['monetary transmission', 'monetary policy', 'mortgage market', 'mortgage rates', 'Russian regions']",,
